Категория,Название,Крепость/деталь,Цена,Бренд (для группового поиска фото),Фото добавлено,Ссылка на фото (заполнить)
Жидкости,Бустер,20mg,2 Br,БУСТЕР,,
Жидкости,CHROME PINK,20mg,12 Br,CHROME PINK,,
Жидкости,CHROME BASIC,20mg,12 Br,CHROME BASIC,,
Жидкости,CHROME GENETIC,20mg,12 Br,CHROME GENETIC,,
Жидкости,CHROME SOUR,20mg,12 Br,CHROME SOUR,,
Жидкости,CHROME NORTH,20mg,12 Br,CHROME NORTH,,
Жидкости,CHROME PHOENIX,20mg,12 Br,CHROME PHOENIX,,
Жидкости,HOTSPOT x CATSWILL Killer,70mg,12 Br,HOTSPOT,,
Жидкости,BJORN ZLOY V2.0,20mg (Hard),11 Br,BJORN ZLOY V,,
Жидкости,BJORN ZLOY,60mg (Hard),11 Br,BJORN ZLOY,,
Жидкости,BJORN ZLOY LONG,80mg (Extra Hard),12 Br,BJORN ZLOY LONG,,
Жидкости,BJORN ТЕМНЫЙ ХОР,80mg (Extra Hard),12 Br,BJORN ТЕМНЫЙ ХОР,,
Жидкости,BJORN JOKER,20mg (Extra Hard),"11,5 Br",BJORN JOKER,,
Жидкости,BJORN JOKER,20mg (Hard),"11,5 Br",BJORN JOKER,,
Жидкости,BJORN JOKER,20mg (Soft),"11,5 Br",BJORN JOKER,,
Жидкости,BJORN СОН ПРИЗРАКА,20mg (Hard),12 Br,BJORN СОН ПРИЗРАКА,,
Жидкости,BJORN СОН ПРИЗРАКА,20mg (Soft),12 Br,BJORN СОН ПРИЗРАКА,,
Жидкости,VOZOL SALT PRIME,50mg,14 Br,VOZOL SALT PRIME,,
Жидкости,LOST MARY ICE,20mg (Hard),13 Br,LOST MARY ICE,,
Жидкости,LOST MARY ICE,20mg,"12,5 Br",LOST MARY ICE,,
Жидкости,LOST MARY REGULAR,20mg (Hard),13 Br,LOST MARY REGULAR,,
Жидкости,LOST MARY REGULAR,20mg,"12,5 Br",LOST MARY REGULAR,,
Жидкости,LOST MARY SOUR,20mg (Hard),13 Br,LOST MARY SOUR,,
Жидкости,LOST MARY SOUR,20mg,"12,5 Br",LOST MARY SOUR,,
Жидкости,OGGO КILLERША,80mg,14 Br,OGGO КILLERША,,
Жидкости,ISTERIKA x САМОУБИЙЦА V2 DANGER,20mg (Hard),12 Br,ISTERIKA,,
Жидкости,MRAZZ!,70mg (Extra Hard),12 Br,MRAZZ!,,
Жидкости,MRAZZ! Sour,70mg (Extra Hard),12 Br,MRAZZ! SOUR,,
Жидкости,TOXIC ALFA,20mg (Hard),8 Br,TOXIC ALFA,,
Жидкости,УБИВАШКА,80mg (Extra Hard),11 Br,УБИВАШКА,,
Жидкости,ELFLIQ Ice King,30mg,14 Br,ELFLIQ ICE KING,,
Жидкости,ELFLIQ (Premium),50mg,14 Br,ELFLIQ (PREMIUM),,
Жидкости,HOT SPOT x МОНАШКА,70mg (Strong),"12,5 Br",HOT SPOT,,
Жидкости,DOGSWILL,20mg,"10,5 Br",DOGSWILL,,
Жидкости,SLIME PREMIUM LIQUID,60mg (Extra Hard),11 Br,SLIME PREMIUM LIQUID,,
Жидкости,ANNIMA LOVE KILLER,80mg (Extra Hard),"11,5 Br",ANNIMA LOVE KILLER,,
Жидкости,ANNIMA LOVE ZOMBI,20mg (Strong),12 Br,ANNIMA LOVE ZOMBI,,
Жидкости,RELL EAZY,2% (Hard),11 Br,RELL EAZY,,
Жидкости,RICK and MORTY RUSSIA,70mg (Extra Hard),"10,5 Br",RICK AND MORTY RUSSIA,,
Жидкости,RICK and MORTY CATSWILL,20mg (Hard),14 Br,RICK AND MORTY CATSWILL,,
Жидкости,Рик и Морти на ЗаМеРзОнЕ,20mg (Strong),12 Br,РИК И МОРТИ НА ЗАМЕРЗОНЕ,,
Жидкости,RICK and MORTY BAD TRIP,20mg (Strong),11 Br,RICK AND MORTY BAD TRIP,,
Жидкости,RICK and MORTY BAD ICE,20mg (Strong),11 Br,RICK AND MORTY BAD ICE,,
Жидкости,PODONKI x BLOOD,20mg,"8,5 Br",PODONKI,,
Жидкости,PODONKI LAST HAP V2,20mg (Strong),"11,5 Br",PODONKI LAST HAP V,,
Жидкости,PODONKI CRITICAL,20mg (Strong),11 Br,PODONKI CRITICAL,,
Жидкости,PODONKI PODGON,20mg,9 Br,PODONKI PODGON,,
Жидкости,Podonki & Анархия,20mg (Strong),11 Br,PODONKI,,
Жидкости,PODONKI & MALASIAN V3,20mg (Strong),10 Br,PODONKI,,
Жидкости,PODONKI INFERNO,20mg (Strong),"12,5 Br",PODONKI INFERNO,,
Жидкости,EVIL HUSKY,20mg (Hard),11 Br,EVIL HUSKY,,
Жидкости,Husky & Мишка,20mg (Strong),"10,5 Br",HUSKY,,
Жидкости,Husky & Мишка,20mg,"10,5 Br",HUSKY,,
Жидкости,Husky Double Ice,20mg (Strong),12 Br,HUSKY DOUBLE ICE,,
Жидкости,Husky Double Ice,20mg,12 Br,HUSKY DOUBLE ICE,,
Жидкости,VLIQ SHOCK,20mg (Strong),11 Br,VLIQ SHOCK,,
Жидкости,Freeze Monkey Max Flavor,20mg,8 Br,FREEZE MONKEY MAX FLAVOR,,
Жидкости,CATSWILL EXTRA,20mg,12 Br,CATSWILL EXTRA,,
Жидкости,CATSWILL MONSTER CATS,20mg,13 Br,CATSWILL MONSTER CATS,,
Жидкости,CATSWILL MONSTER HARD,20mg (Strong),14 Br,CATSWILL MONSTER HARD,,
Жидкости,CATSWILL,20mg (Strong),11 Br,CATSWILL,,
Жидкости,CATSWILL,20mg,11 Br,CATSWILL,,
Жидкости,CATSWILL SOUR,20mg (Strong),11 Br,CATSWILL SOUR,,
Жидкости,CATSWILL SOUR,20mg,11 Br,CATSWILL SOUR,,
Жидкости,САМОУБИЙЦА x ГРЕХ,2%,13 Br,САМОУБИЙЦА,,
Жидкости,САМОУБИЙЦА V2 ACID,70mg,"12,5 Br",САМОУБИЙЦА V,,
Одноразки,BJORN TRON 55k,2%,30 Br,BJORN TRON,,
Одноразки,RICK and MORTY The Anime 15000,2%,23 Br,RICK AND MORTY THE ANIME,,
Одноразки,RETURNS PULSE,15000 затяжек,19 Br,RETURNS PULSE,,
Одноразки,VOZOL VISTA,50mg / 40000 затяжек,30 Br,VOZOL VISTA,,
Одноразки,VOZOL RAVE,50mg / 40000 затяжек,30 Br,VOZOL RAVE,,
Одноразки,GTMBAR TURBO 30000,5%,26 Br,GTMBAR TURBO,,
Одноразки,ELF BAR DUKE 20000,2%,32 Br,ELF BAR DUKE,,
Одноразки,ELF BAR GH 23000 (Оригинал),5%,31 Br,ELF BAR GH,,
POD-системы,BRUSKO DABBLER NICE,650 мАч,8 Br,BRUSKO DABBLER NICE,,
POD-системы,VAPORESSO XROS 6,1800 мАч,75 Br,VAPORESSO XROS,ДА (см. index.html),https://store.vaporesso.com/cdn/shop/files/XROS_6-Cosmic_Black.png?v=1783424810&width=600
POD-системы,VAPORESSO XROS 6 MINI,1600 мАч,55 Br,VAPORESSO XROS,ДА (см. index.html),https://store.vaporesso.com/cdn/shop/files/XROS_6_MINI-Black.png?v=1783425097&width=600
POD-системы,VAPORESSO XROS 5 NANO,1600 мАч,74 Br,VAPORESSO XROS,,
Расходники,Картридж Vaporesso XROS,,9 Br,КАРТРИДЖ VAPORESSO XROS,,
Расходники,Картридж Vaporesso XROS 4 / 4 mini / PRO,,10 Br,КАРТРИДЖ VAPORESSO XROS,,
Расходники,Картриджи Voopoo VMATE / V.HTRU,,10 Br,КАРТРИДЖИ VOOPOO VMATE / V.HTRU,,
Расходники,Картридж VooPoo VMATE MAX,0.4 Ом,"11,5 Br",КАРТРИДЖ VOOPOO VMATE MAX,,
Расходники,Испаритель VOOPOO PNP-TW/DW,,"9,5 Br",ИСПАРИТЕЛЬ VOOPOO PNP-TW/DW,,
Расходники,Испаритель Geekvape B. Mesh Coil,,"9,8 Br",ИСПАРИТЕЛЬ GEEKVAPE B. MESH COIL,,
Расходники,Картридж Geekvape AP2,для Aegis Pod 2,11 Br,КАРТРИДЖ GEEKVAPE AP,,
Расходники,Испаритель Smoant Battlestar Baby Mesh Coil,,"6,5 Br",ИСПАРИТЕЛЬ SMOANT BATTLESTAR BABY MESH COIL,,
Расходники,Испаритель Smoant K-1 Mesh Coil,для Smoant Knight 80 и Pasito 2,"7,5 Br",ИСПАРИТЕЛЬ SMOANT K-,,
Расходники,JELLYBOX NANO COIL,для Rancoe Jellybox Nano/xs,7 Br,JELLYBOX NANO COIL,,
Паучи,ICEBERG,75mg,11 Br,ICEBERG,,
Паучи,NIC,200mg,11 Br,NIC,,
Паучи,DUALL,200mg,11 Br,DUALL,,
Паучи,АНАРХИЯ,150mg,11 Br,АНАРХИЯ,,
Паучи,ЗЛАЯ МОНАШКА,120mg,11 Br,ЗЛАЯ МОНАШКА,,
Паучи,САМОУБИЙЦА,249mg,11 Br,САМОУБИЙЦА,,
Паучи,САМОУБИЙЦА (вариант 2),249mg,11 Br,САМОУБИЙЦА (ВАРИАНТ,,
Паучи,МОНАШКА & ISTERIKA,201mg,11 Br,МОНАШКА,,
Паучи,DRYMOST,150mg,11 Br,DRYMOST,,
Паучи,DRYMOST VOLT,75mg,11 Br,DRYMOST VOLT,,
Паучи,DRYMOST,50mg,10 Br,DRYMOST,,
Паучи,DRYMOST CLASSIC,25mg,10 Br,DRYMOST CLASSIC,,
Паучи,DRYMOST,5mg,10 Br,DRYMOST,,
Паучи,HOT SPOT x ISTERIKA,180mg,"10,5 Br",HOT SPOT,,
Паучи,ISTERIKA x ГРЕХ,190mg,"10,5 Br",ISTERIKA,,
Паучи,ICEBURN White Portion,,10 Br,ICEBURN WHITE PORTION,,
Паучи,ICEBURN Ice Cool,,10 Br,ICEBURN ICE COOL,,
